{"path": "shots/0001.jpg", "pids": [], "filepath": null}
{"path": "shots/0002.jpg", "pids": [], "filepath": null}
{"path": "files/88856962cef670c0_desktop.ini", "pids": [], "filepath": "C:\\Users\\cbaqWin7\\Pictures\\desktop.ini"}
{"path": "files/091af31b3322fc24_flag.jpg", "pids": [], "filepath": "C:\\Users\\cbaqWin7\\Pictures\\flag.jpg"}
{"path": "files/72450dd39047a044_Thumbs.db", "pids": [], "filepath": "C:\\Users\\cbaqWin7\\Pictures\\Thumbs.db"}
{"path": "shots/0003.jpg", "pids": [], "filepath": null}
{"path": "shots/0004.jpg", "pids": [], "filepath": null}
{"path": "shots/0005.jpg", "pids": [], "filepath": null}
{"path": "shots/0006.jpg", "pids": [], "filepath": null}
{"path": "shots/0007.jpg", "pids": [], "filepath": null}
{"path": "shots/0008.jpg", "pids": [], "filepath": null}
{"path": "shots/0009.jpg", "pids": [], "filepath": null}
{"path": "shots/0010.jpg", "pids": [], "filepath": null}
{"path": "shots/0011.jpg", "pids": [], "filepath": null}
{"path": "shots/0012.jpg", "pids": [], "filepath": null}
{"path": "shots/0013.jpg", "pids": [], "filepath": null}
{"path": "shots/0014.jpg", "pids": [], "filepath": null}
{"path": "shots/0015.jpg", "pids": [], "filepath": null}
{"path": "shots/0016.jpg", "pids": [], "filepath": null}
{"path": "shots/0017.jpg", "pids": [], "filepath": null}
{"path": "shots/0018.jpg", "pids": [], "filepath": null}
{"path": "shots/0019.jpg", "pids": [], "filepath": null}
{"path": "shots/0020.jpg", "pids": [], "filepath": null}
{"path": "shots/0021.jpg", "pids": [], "filepath": null}
{"path": "shots/0022.jpg", "pids": [], "filepath": null}
{"path": "shots/0023.jpg", "pids": [], "filepath": null}
{"path": "shots/0024.jpg", "pids": [], "filepath": null}
{"path": "shots/0025.jpg", "pids": [], "filepath": null}
{"path": "shots/0026.jpg", "pids": [], "filepath": null}
{"path": "shots/0027.jpg", "pids": [], "filepath": null}
{"path": "shots/0028.jpg", "pids": [], "filepath": null}
{"path": "shots/0029.jpg", "pids": [], "filepath": null}
{"path": "shots/0030.jpg", "pids": [], "filepath": null}
{"path": "shots/0031.jpg", "pids": [], "filepath": null}
{"path": "shots/0032.jpg", "pids": [], "filepath": null}
{"path": "shots/0033.jpg", "pids": [], "filepath": null}
{"path": "shots/0034.jpg", "pids": [], "filepath": null}
{"path": "shots/0035.jpg", "pids": [], "filepath": null}
{"path": "shots/0036.jpg", "pids": [], "filepath": null}
{"path": "shots/0037.jpg", "pids": [], "filepath": null}
{"path": "shots/0038.jpg", "pids": [], "filepath": null}
{"path": "shots/0039.jpg", "pids": [], "filepath": null}
{"path": "shots/0040.jpg", "pids": [], "filepath": null}
{"path": "shots/0041.jpg", "pids": [], "filepath": null}
{"path": "shots/0042.jpg", "pids": [], "filepath": null}
{"path": "shots/0043.jpg", "pids": [], "filepath": null}
{"path": "shots/0044.jpg", "pids": [], "filepath": null}
{"path": "shots/0045.jpg", "pids": [], "filepath": null}
{"path": "shots/0046.jpg", "pids": [], "filepath": null}
{"path": "shots/0047.jpg", "pids": [], "filepath": null}
{"path": "shots/0048.jpg", "pids": [], "filepath": null}
{"path": "shots/0049.jpg", "pids": [], "filepath": null}
{"path": "shots/0050.jpg", "pids": [], "filepath": null}
{"path": "shots/0051.jpg", "pids": [], "filepath": null}
{"path": "shots/0052.jpg", "pids": [], "filepath": null}
{"path": "shots/0053.jpg", "pids": [], "filepath": null}
{"path": "shots/0054.jpg", "pids": [], "filepath": null}
{"path": "memory/312-1.dmp", "pids": [], "filepath": "c:\\users\\cbaqwin7\\appdata\\local\\temp\\tmpcfsbop"}
{"path": "shots/0055.jpg", "pids": [], "filepath": null}
{"path": "files/61ea8b079a819f94_flag.jpg.tmctf", "pids": [312], "filepath": "C:\\Users\\cbaqWin7\\Pictures\\flag.jpg.TMCTF"}
{"path": "files/d8006f980e46acad_desktop.ini.tmctf", "pids": [312], "filepath": "C:\\Users\\cbaqWin7\\Pictures\\desktop.ini.TMCTF"}
{"path": "files/287d58e7a9f8ca1a_thumbs.db.tmctf", "pids": [312], "filepath": "C:\\Users\\cbaqWin7\\Pictures\\Thumbs.db.TMCTF"}
{"path": "files/16a3553a71fb6f26_ransomware.exe.log", "pids": [312], "filepath": "C:\\Users\\cbaqWin7\\AppData\\Local\\Temp\\ransomware.exe.log"}
