{"started_on": {"$dt": "2017-06-05T13:58:06.201680"}, "duration": 424, "sample_id": 6, "owner": "", "id": 18, "category": "file", "priority": 2, "guest": {"status": "stopped", "name": "guest1", "label": "guest1", "manager": "VirtualBox", "started_on": "2017-06-05 13:58:06", "shutdown_on": "2017-06-05 14:05:09"}, "clock": {"$dt": "2017-06-05T13:58:05.296589"}, "custom": "", "machine": "", "platform": "", "memory": false, "status": "reported", "tags": [], "processing": null, "enforce_timeout": false, "completed_on": {"$dt": "2017-06-05T14:05:10.347761"}, "target": "/tmp/cuckoo-tmp/upload_vZwHJ8/ransomware.exe", "package": "", "route": "none", "timeout": 0, "options": {"route": "none", "procmemdump": "yes"}, "added_on": {"$dt": "2017-06-05T13:58:05.296609"}}